ImNo,ID,Class,xmin,ymin,width,height,Parent
1,1,Interphase,236,444,150,147,0
1,2,Mitosis,240,60,108,115,0
1,3,Interphase,377,742,272,163,0
1,4,Interphase,486,579,118,99,0
1,5,Interphase,611,262,121,153,0
1,6,Interphase,649,576,140,163,0
1,7,Mitosis,825,323,144,140,0
1,8,Interphase,992,806,140,166,0
1,9,Interphase,1049,483,163,115,0
1,10,Interphase,1091,169,172,118,0
2,1,Interphase,230,428,169,163,0
2,2,Mitosis,246,54,112,105,0
2,3,Interphase,355,742,233,153,0
2,4,Interphase,486,585,128,112,0
2,5,Interphase,598,265,144,156,0
2,6,Interphase,659,582,140,166,0
2,7,Mitosis,828,316,153,156,0
2,8,Interphase,1001,793,131,176,0
2,9,Interphase,1052,483,188,118,0
2,10,Interphase,1094,160,169,124,0
3,1,Interphase,230,406,169,179,0
3,2,Mitosis,249,35,108,108,0
3,3,Mitosis,368,748,160,134,0
3,4,Interphase,486,560,128,137,0
3,5,Interphase,601,256,137,169,0
3,6,Interphase,665,576,140,160,0
3,7,Mitosis,838,329,144,153,0
3,8,Interphase,1008,796,124,163,0
3,9,Interphase,1043,486,224,124,0
3,10,Interphase,1088,166,172,115,0
4,1,Interphase,233,403,153,166,0
4,2,Mitosis,243,32,115,102,0
4,11,Interphase,332,115,92,80,0
4,3,Mitosis,361,739,150,137,0
4,4,Interphase,489,556,134,160,0
4,5,Interphase,604,256,147,172,0
4,6,Interphase,646,563,172,179,0
4,7,Mitosis,832,297,147,172,0
4,8,Interphase,1004,780,134,192,0
4,9,Interphase,1052,492,176,105,0
4,10,Interphase,1097,160,169,115,0
5,2,Mitosis,230,28,115,108,0
5,1,Interphase,236,393,147,179,0
5,11,Interphase,332,112,105,86,0
5,3,Mitosis,361,745,144,140,0
5,4,Interphase,486,547,137,153,0
5,5,Interphase,611,268,144,172,0
5,6,Interphase,659,566,176,179,0
5,7.1,Mitosis,848,364,131,140,0
5,7.2,Mitosis,857,224,108,144,0
5,8,Interphase,1017,796,124,169,0
5,9,Interphase,1052,470,192,134,0
5,10,Interphase,1100,153,156,112,0
6,1,Interphase,227,406,160,172,0
6,2,Mitosis,243,35,118,102,0
6,11,Interphase,339,108,121,89,0
6,3,Mitosis,358,752,147,134,0
6,4,Interphase,470,550,153,192,0
6,5,Interphase,608,246,160,192,0
6,6,Interphase,662,563,182,185,0
6,7.1,Mitosis,851,374,144,128,0
6,7.2,Mitosis,860,240,118,147,0
6,8,Interphase,1011,796,124,172,0
6,9,Interphase,1065,457,188,131,0
6,10,Interphase,1113,147,153,124,0
7,1,Interphase,230,403,166,176,0
7,2,Interphase,233,32,153,112,0
7,3,Mitosis,364,752,137,140,0
7,11,Interphase,377,102,96,86,0
7,4,Interphase,457,550,160,182,0
7,5,Interphase,608,262,150,169,0
7,6,Interphase,681,579,153,176,0
7,7.1,Mitosis,857,355,118,147,0
7,7.2,Mitosis,860,252,118,108,0
7,8,Interphase,1017,777,118,185,0
7,9,Interphase,1081,454,182,128,0
7,10,Interphase,1116,140,144,134,0
8,2,Interphase,227,9,176,137,0
8,1,Interphase,240,400,153,179,0
8,3,Mitosis,355,752,160,140,0
8,11,Interphase,384,99,102,102,0
8,4,Interphase,464,566,169,176,0
8,5,Interphase,620,259,150,188,0
8,6,Interphase,678,579,163,185,0
8,7.1,Mitosis,864,364,121,131,0
8,7.2,Mitosis,873,259,108,108,0
8,8,Interphase,1014,774,121,198,0
8,9,Interphase,1078,464,172,124,0
8,10,Interphase,1100,137,163,134,0
9,2,Interphase,160,6,240,128,0
9,1,Interphase,230,409,156,172,0
9,3.1,Mitosis,342,752,102,124,0
9,11,Interphase,380,99,112,99,0
9,3.2,Mitosis,438,774,105,128,0
9,4,Interphase,441,553,192,195,0
9,5,Interphase,614,243,163,185,0
9,6,Interphase,675,592,150,172,0
9,7.1,Mitosis,844,364,128,115,0
9,7.2,Mitosis,857,243,112,131,0
9,8,Interphase,1008,752,124,217,0
9,9,Interphase,1097,464,166,115,0
9,10,Interphase,1100,140,156,134,0
10,2,Interphase,169,6,249,137,0
10,1,Interphase,227,425,156,166,0
10,3.1,Mitosis,332,755,112,134,0
10,11,Interphase,364,112,121,89,0
10,3.2,Mitosis,444,774,140,124,0
10,4,Interphase,467,553,192,185,0
10,5,Interphase,620,256,140,176,0
10,6,Interphase,681,582,150,179,0
10,7.1,Mitosis,857,374,108,118,0
10,7.2,Mitosis,867,230,112,144,0
10,8,Interphase,1008,745,128,233,0
10,10,Interphase,1094,134,176,144,0
10,9,Interphase,1094,460,163,115,0
11,2,Interphase,195,3,236,131,0
11,1,Interphase,230,422,140,172,0
11,3.1,Mitosis,329,752,115,163,0
11,11,Interphase,342,112,137,86,0
11,3.2,Mitosis,454,784,169,147,0
11,4,Interphase,470,572,179,172,0
11,5,Interphase,624,256,166,156,0
11,6,Interphase,697,592,128,172,0
11,7.1,Interphase,851,368,118,121,7
11,7.2,Interphase,873,198,105,160,7
11,8,Interphase,1014,768,124,208,0
11,9,Interphase,1097,467,176,105,0
11,10,Interphase,1100,137,163,134,0
12,2,Interphase,172,3,265,121,0
12,1,Interphase,233,428,128,176,0
12,11,Interphase,281,108,188,83,0
12,3.1,Interphase,316,742,153,166,3
12,4,Interphase,464,576,217,169,0
12,3.2,Interphase,480,806,150,128,3
12,5,Interphase,633,249,147,179,0
12,6,Interphase,704,588,128,169,0
12,7.1,Interphase,841,374,131,115,7
12,7.2,Interphase,857,208,105,156,7
12,8,Interphase,1020,790,121,192,0
12,9,Interphase,1078,454,198,131,0
12,10,Interphase,1097,105,166,169,0
13,2,Interphase,195,6,249,108,0
13,1,Interphase,217,435,131,172,0
13,11,Interphase,272,112,204,73,0
13,3.1,Interphase,320,742,144,160,3
13,4,Interphase,476,585,192,172,0
13,3.2,Interphase,483,787,220,128,3
13,5,Interphase,614,230,182,182,0
13,6,Interphase,700,582,131,182,0
13,7.1,Interphase,825,371,147,131,7
13,7.2,Interphase,854,185,131,185,7
13,8,Interphase,1020,774,121,201,0
13,9,Interphase,1088,464,160,99,0
13,10,Interphase,1107,118,169,163,0
14,1,Interphase,204,451,128,144,0
14,2,Interphase,236,3,217,99,0
14,11,Interphase,272,112,201,80,0
14,3.1,Interphase,326,742,140,147,3
14,4,Interphase,470,579,211,185,0
14,3.2,Interphase,473,787,192,131,3
14,5,Interphase,614,211,169,176,0
14,6,Interphase,704,588,134,176,0
14,7.1,Interphase,822,384,134,118,7
14,7.2,Interphase,841,195,121,188,7
14,8,Interphase,1024,777,118,188,0
14,9,Interphase,1084,448,176,108,0
14,10,Interphase,1113,108,160,166,0
15,1,Interphase,195,448,121,147,0
15,2,Interphase,204,22,214,102,0
15,11,Interphase,272,96,188,89,0
15,3.1,Interphase,323,739,163,150,3
15,3.2,Interphase,464,796,179,137,3
15,4,Interphase,499,588,182,163,0
15,5,Interphase,579,204,188,182,0
15,6,Interphase,707,598,140,172,0
15,7.1,Interphase,816,384,147,140,7
15,7.2,Interphase,822,240,147,137,7
15,8,Interphase,1024,771,115,204,0
15,9,Interphase,1072,444,166,112,0
15,10,Interphase,1113,105,156,163,0
16,1,Interphase,192,448,112,150,0
16,2,Interphase,214,16,227,112,0
16,11,Interphase,252,134,211,67,0
16,3.1,Interphase,313,713,172,153,3
16,4,Interphase,480,572,160,169,0
16,3.2,Interphase,486,787,156,131,3
16,5,Mitosis,556,220,160,169,0
16,6,Interphase,713,611,147,166,0
16,7.2,Interphase,832,246,134,134,7
16,7.1,Interphase,832,384,134,134,7
16,8,Interphase,1017,800,115,195,0
16,9,Interphase,1075,435,166,121,0
16,10,Interphase,1116,105,153,163,0
17,1,Interphase,192,444,112,147,0
17,2,Interphase,240,6,198,102,0
17,11,Interphase,268,124,198,86,0
17,3.1,Interphase,316,700,156,166,3
17,3.2,Interphase,454,793,220,131,3
17,4,Interphase,492,576,160,163,0
17,5,Mitosis,556,230,147,153,0
17,6,Interphase,723,614,124,169,0
17,7.1,Interphase,803,390,121,124,7
17,7.2,Interphase,828,268,124,112,7
17,8,Interphase,1027,812,118,208,0
17,9,Interphase,1081,438,163,121,0
17,10,Interphase,1123,115,153,153,0
18,1,Interphase,195,448,105,131,0
18,2,Interphase,227,12,172,89,0
18,11,Interphase,240,115,214,86,0
18,3.1,Interphase,320,707,137,156,3
18,4,Interphase,480,582,201,140,0
18,3.2,Interphase,480,822,198,102,3
18,5,Mitosis,569,230,128,134,0
18,6,Interphase,726,601,144,195,0
18,7.1,Interphase,777,377,140,134,7
18,7.2,Interphase,816,243,144,131,7
18,8,Interphase,1033,812,108,192,0
18,9,Interphase,1104,457,137,99,0
18,10,Interphase,1139,105,137,163,0
19,1,Interphase,169,467,105,121,0
19,2,Interphase,227,12,172,89,0
19,11,Interphase,246,115,208,102,0
19,3.1,Interphase,320,707,137,156,3
19,3.2,Interphase,480,822,198,99,3
19,4,Interphase,499,582,182,153,0
19,5,Mitosis,569,243,128,131,0
19,6,Interphase,726,604,131,192,0
19,7.1,Interphase,777,377,134,128,7
19,7.2,Interphase,816,243,134,131,7
19,8,Interphase,1033,812,108,192,0
19,9,Interphase,1104,457,137,99,0
19,10,Interphase,1139,105,137,163,0
20,1,Mitosis,144,451,147,140,0
20,2,Interphase,227,12,172,89,0
20,11,Interphase,262,115,198,108,0
20,3.1,Interphase,320,707,137,156,3
20,3.2,Interphase,480,822,198,99,3
20,4,Interphase,499,582,169,153,0
20,5,Mitosis,566,249,131,131,0
20,6,Interphase,736,611,121,185,0
20,7.1,Interphase,774,377,137,128,7
20,7.2,Interphase,816,243,134,131,7
20,8,Interphase,1033,812,108,192,0
20,9,Interphase,1084,457,156,89,0
20,10,Interphase,1139,105,137,163,0
21,1,Mitosis,131,476,137,128,0
21,2,Interphase,227,12,172,89,0
21,11,Interphase,259,115,208,121,0
21,3.1,Interphase,320,707,137,156,3
21,3.2,Interphase,480,822,204,99,3
21,4,Interphase,499,582,169,150,0
21,5,Mitosis,563,252,134,128,0
21,6,Interphase,745,611,112,185,0
21,7.1,Interphase,771,377,140,121,7
21,7.2,Interphase,816,246,131,128,7
21,8,Interphase,1033,822,108,182,0
21,9,Interphase,1084,457,156,89,0
21,10,Interphase,1139,105,137,163,0
22,1,Mitosis,118,480,134,134,0
22,2,Interphase,227,12,172,99,0
22,11,Interphase,259,115,220,128,0
22,3.1,Interphase,320,707,137,156,3
22,3.2,Interphase,480,822,220,99,3
22,4,Interphase,499,582,166,137,0
22,5,Mitosis,563,252,134,131,0
22,6,Interphase,745,611,118,185,0
22,7.1,Interphase,771,377,140,121,7
22,7.2,Interphase,816,246,131,128,7
22,8,Interphase,1033,828,108,176,0
22,9,Interphase,1084,454,156,92,0
22,10,Interphase,1139,105,137,163,0
23,1,Mitosis,118,486,134,131,0
23,2,Interphase,227,12,153,99,0
23,11,Interphase,265,118,214,124,0
23,3.1,Interphase,320,707,137,156,3
23,3.2,Interphase,480,822,220,99,3
23,4,Interphase,499,582,163,144,0
23,5,Mitosis,563,249,134,134,0
23,6,Interphase,745,611,118,185,0
23,7.1,Interphase,771,377,140,118,7
23,7.2,Interphase,816,246,131,128,7
23,8,Interphase,1033,841,108,163,0
23,9,Interphase,1084,454,140,89,0
23,10,Interphase,1139,105,137,163,0
24,1,Mitosis,112,492,134,131,0
24,2,Interphase,227,12,172,99,0
24,11,Interphase,265,121,214,128,0
24,3.1,Interphase,320,707,137,153,3
24,3.2,Interphase,480,822,227,99,3
24,4,Interphase,499,572,166,144,0
24,5,Mitosis,563,246,134,137,0
24,6,Interphase,755,617,108,179,0
24,7.1,Interphase,758,368,137,124,7
24,7.2,Interphase,816,246,131,128,7
24,8,Interphase,1033,828,108,176,0
24,9,Interphase,1081,435,160,102,0
24,10,Interphase,1139,105,137,163,0
25,1,Mitosis,112,492,134,134,0
25,2,Interphase,227,12,172,99,0
25,11,Interphase,272,121,208,153,0
25,3.1,Interphase,307,707,150,144,3
25,3.2,Interphase,480,822,227,99,3
25,4,Interphase,499,572,163,144,0
25,5,Mitosis,563,252,134,131,0
25,6,Interphase,748,617,115,179,0
25,7.1,Interphase,752,368,144,121,7
25,7.2,Interphase,816,246,131,128,7
25,8,Interphase,1033,819,108,185,0
25,9,Interphase,1068,435,169,92,0
25,10,Interphase,1126,105,150,166,0
26,1,Mitosis,112,492,134,134,0
26,2,Interphase,227,12,172,99,0
26,11,Interphase,272,134,198,153,0
26,3.1,Interphase,307,707,150,144,3
26,3.2,Interphase,480,822,227,99,3
26,4,Interphase,499,572,166,144,0
26,5,Mitosis,569,249,128,134,0
26,6,Interphase,748,624,115,172,0
26,7.1,Interphase,752,368,144,121,7
26,7.2,Interphase,803,246,134,128,7
26,8,Interphase,1033,828,108,176,0
26,9,Interphase,1068,435,169,92,0
26,10,Interphase,1126,105,150,166,0
27,1,Mitosis,105,496,140,131,0
27,2,Interphase,227,12,172,99,0
27,11,Interphase,275,134,192,153,0
27,3.1,Interphase,307,707,150,144,3
27,3.2,Interphase,480,822,227,99,3
27,4,Interphase,499,572,160,140,0
27,5,Mitosis,569,249,128,137,0
27,6,Interphase,748,624,115,172,0
27,7.1,Interphase,752,368,140,112,7
27,7.2,Interphase,803,246,134,128,7
27,8,Interphase,1033,828,108,176,0
27,9,Interphase,1068,435,169,86,0
27,10,Interphase,1126,105,150,166,0
28,1,Mitosis,102,496,140,134,0
28,2,Interphase,227,12,172,99,0
28,11,Interphase,275,144,192,144,0
28,3.1,Interphase,307,707,150,144,3
28,3.2,Interphase,480,812,259,108,3
28,4,Interphase,499,560,169,160,0
28,5,Mitosis,569,252,128,134,0
28,7.1,Interphase,752,368,131,112,7
28,6,Interphase,752,630,112,166,0
28,7.2,Interphase,803,246,124,128,7
28,8,Interphase,1033,828,108,185,0
28,9,Interphase,1068,416,169,102,0
28,10,Interphase,1126,105,150,166,0
29,1,Mitosis,102,499,131,134,0
29,2,Interphase,227,12,172,105,0
29,11,Interphase,275,147,192,156,0
29,3.1,Interphase,307,707,150,144,3
29,3.2,Interphase,480,812,259,108,3
29,4,Interphase,499,560,160,160,0
29,5,Mitosis,569,249,128,134,0
29,7.1,Interphase,752,368,131,112,7
29,6,Interphase,752,630,112,166,0
29,7.2,Interphase,796,246,124,124,7
29,8,Interphase,1027,828,115,185,0
29,9,Interphase,1065,416,163,92,0
29,10,Interphase,1113,105,163,166,0
30,1,Mitosis,102,499,134,134,0
30,2,Interphase,227,12,172,105,0
30,11,Interphase,288,160,179,118,0
30,3.1,Interphase,307,707,150,144,3
30,3.2,Interphase,480,812,259,108,3
30,4,Interphase,499,566,163,153,0
30,5,Mitosis,569,246,128,137,0
30,7.1,Interphase,752,371,124,108,7
30,6,Interphase,752,630,112,166,0
30,7.2,Interphase,796,246,118,121,7
30,8,Interphase,1027,828,115,185,0
30,9,Interphase,1065,416,160,86,0
30,10,Interphase,1113,105,163,166,0
31,1,Mitosis,102,496,131,137,0
31,2,Interphase,227,12,140,121,0
31,11,Interphase,284,169,182,144,0
31,3.1,Interphase,307,707,150,134,3
31,3.2,Interphase,480,812,259,108,3
31,4,Interphase,499,560,169,166,0
31,5,Mitosis,569,249,128,134,0
31,7.1,Interphase,752,374,118,105,7
31,6,Interphase,752,633,112,163,0
31,7.2,Interphase,790,243,128,128,7
31,8,Interphase,1027,828,115,185,0
31,9,Interphase,1065,406,160,89,0
31,10,Interphase,1113,105,163,166,0
32,1,Mitosis,112,496,140,137,0
32,2,Interphase,227,22,131,112,0
32,11,Interphase,297,172,176,134,0
32,3.1,Interphase,307,707,147,134,3
32,3.2,Interphase,480,812,259,108,3
32,4,Interphase,505,563,160,166,0
32,5,Mitosis,566,246,131,134,0
32,7.1,Interphase,752,377,118,102,7
32,6,Interphase,764,646,99,147,0
32,7.2,Interphase,796,265,112,89,7
32,8,Interphase,1030,828,102,185,0
32,9,Interphase,1065,406,150,76,0
32,10,Interphase,1113,105,163,166,0
33,1,Mitosis,112,489,144,140,0
33,2,Interphase,227,22,131,112,0
33,11,Interphase,300,172,169,128,0
33,3.1,Interphase,307,707,144,124,3
33,3.2,Interphase,480,816,243,105,3
33,4,Interphase,505,569,163,163,0
33,5,Mitosis,566,246,131,134,0
33,7.1,Interphase,752,380,112,99,7
33,6,Interphase,768,649,92,144,0
33,7.2,Interphase,796,265,105,83,7
33,8,Interphase,1030,828,102,185,0
33,9,Interphase,1075,406,137,76,0
33,10,Interphase,1113,105,163,166,0
34,1,Mitosis,121,486,134,137,0
34,2,Interphase,227,22,131,112,0
34,11,Interphase,300,182,169,118,0
34,3.1,Interphase,307,707,144,124,3
34,3.2,Interphase,480,816,243,105,3
34,4,Interphase,512,576,163,160,0
34,5,Mitosis,566,246,128,134,0
34,7.1,Interphase,752,384,108,96,7
34,6,Interphase,768,652,92,140,0
34,7.2,Interphase,796,265,105,80,7
34,8,Interphase,1030,828,102,185,0
34,9,Interphase,1078,406,124,76,0
34,10,Interphase,1113,105,156,166,0
35,1,Mitosis,121,486,134,137,0
35,2,Interphase,227,25,128,108,0
35,11,Interphase,300,182,169,118,0
35,3.1,Interphase,307,707,144,124,3
35,3.2,Interphase,480,816,233,96,3
35,4,Interphase,515,579,160,153,0
35,5,Mitosis,566,246,134,134,0
35,7.1,Interphase,752,384,105,96,7
35,6,Interphase,774,656,86,137,0
35,7.2,Interphase,800,268,102,76,7
35,8,Interphase,1030,828,102,185,0
35,9,Interphase,1081,409,121,73,0
35,10,Interphase,1120,124,150,147,0
36,1,Mitosis,128,486,131,137,0
36,2,Interphase,227,25,128,115,0
36,3.1,Interphase,307,707,140,115,3
36,11,Interphase,320,185,150,115,0
36,3.2,Interphase,480,816,230,92,3
36,4,Interphase,515,576,156,160,0
36,5,Mitosis,566,246,128,134,0
36,7.1,Interphase,752,384,108,96,7
36,6,Interphase,771,652,89,140,0
36,7.2,Interphase,796,265,105,80,7
36,8,Interphase,1030,828,102,185,0
36,9,Interphase,1078,406,118,76,0
36,10,Interphase,1113,112,156,160,0
37,1,Mitosis,128,486,131,137,0
37,2,Interphase,227,25,128,115,0
37,3.1,Interphase,307,707,140,115,3
37,11,Interphase,320,188,134,112,0
37,3.2,Interphase,480,816,230,92,3
37,4,Interphase,515,582,153,153,0
37,5,Mitosis,566,243,128,137,0
37,7.1,Interphase,748,384,108,99,7
37,6,Interphase,771,652,89,140,0
37,7.2,Interphase,796,265,105,80,7
37,8,Interphase,1046,828,86,185,0
37,9,Interphase,1078,403,115,80,0
37,10,Interphase,1110,112,160,169,0
38,1,Mitosis,128,486,134,137,0
38,2,Interphase,227,25,128,115,0
38,3.1,Interphase,307,707,140,115,3
38,11,Interphase,320,188,134,112,0
38,3.2,Interphase,480,812,220,96,3
38,4,Interphase,515,585,163,160,0
38,5,Mitosis,566,246,131,134,0
38,7.1,Interphase,752,403,102,89,7
38,6,Interphase,777,656,83,137,0
38,7.2,Interphase,796,265,105,80,7
38,8,Interphase,1046,828,86,185,0
38,9,Interphase,1078,393,108,83,0
38,10,Interphase,1110,112,150,172,0
39,1,Mitosis,121,486,144,137,0
39,2,Interphase,227,35,124,105,0
39,3.1,Interphase,307,707,140,115,3
39,11,Interphase,329,195,140,121,0
39,3.2,Interphase,480,812,214,92,3
39,4,Interphase,518,588,156,150,0
39,5,Mitosis,566,246,128,134,0
39,7.1,Interphase,752,403,102,89,7
39,6,Interphase,780,665,80,124,0
39,7.2,Interphase,790,262,76,76,7
39,8,Interphase,1046,828,86,185,0
39,9,Interphase,1078,387,108,89,0
39,10,Interphase,1110,128,150,153,0
40,1.1,Mitosis,89,521,115,92,0
40,1.2,Mitosis,195,467,121,118,0
40,2,Interphase,227,35,124,105,0
40,3.1,Interphase,307,707,140,115,3
40,11,Interphase,339,208,131,108,0
40,3.2,Interphase,483,812,198,92,3
40,4,Interphase,518,588,156,147,0
40,5,Mitosis,566,246,128,134,0
40,7.1,Interphase,752,403,102,89,7
40,6,Interphase,780,665,80,124,0
40,7.2,Interphase,790,262,76,76,7
40,8,Interphase,1046,828,86,185,0
40,9,Interphase,1078,387,108,89,0
40,10,Interphase,1110,128,150,153,0
41,1.1,Mitosis,89,512,131,112,0
41,1.2,Mitosis,214,454,102,105,0
41,2,Interphase,227,44,124,96,0
41,3.1,Interphase,320,704,128,99,3
41,11,Interphase,352,208,118,108,0
41,3.2,Interphase,483,800,198,105,3
41,4,Interphase,518,592,160,150,0
41,5,Mitosis,566,252,134,128,0
41,7.1,Interphase,752,403,102,89,7
41,6,Interphase,780,665,80,124,0
41,7.2,Interphase,790,262,76,70,7
41,8,Interphase,1046,828,86,185,0
41,9,Interphase,1078,387,108,89,0
41,10,Interphase,1110,128,150,153,0
42,1.1,Mitosis,89,508,131,96,0
42,1.2,Mitosis,214,451,99,112,0
42,2,Interphase,227,48,124,92,0
42,3.1,Interphase,320,704,128,99,3
42,11,Interphase,358,227,112,89,0
42,3.2,Interphase,483,800,198,105,3
42,4,Interphase,518,598,160,140,0
42,5.2,Mitosis,531,256,92,108,0
42,5.1,Mitosis,627,262,108,96,0
42,7.1,Interphase,752,403,102,89,7
42,6,Interphase,780,665,80,124,0
42,7.2,Interphase,790,262,76,70,7
42,8,Interphase,1046,828,86,185,0
42,9,Interphase,1078,387,108,89,0
42,10,Interphase,1110,128,150,153,0
43,1.1,Mitosis,108,502,112,102,0
43,1.2,Mitosis,211,444,108,131,0
43,2,Interphase,227,48,124,92,0
43,3.1,Interphase,320,704,128,99,3
43,11,Interphase,358,227,112,89,0
43,3.2,Interphase,483,800,198,105,3
43,4,Interphase,518,598,156,147,0
43,5.2,Mitosis,524,236,102,134,0
43,5.1,Mitosis,620,249,99,102,0
43,7.1,Interphase,752,403,102,89,7
43,6,Interphase,780,665,80,124,0
43,7.2,Interphase,790,262,76,70,7
43,8,Interphase,1046,828,86,185,0
43,9,Interphase,1078,387,108,89,0
43,10,Interphase,1110,128,150,153,0
44,1.1,Interphase,134,489,105,108,1
44,1.2,Interphase,217,438,128,128,1
44,2,Interphase,227,51,118,89,0
44,3.1,Interphase,358,707,89,96,3
44,11,Interphase,368,233,102,83,0
44,3.2,Interphase,489,800,182,99,3
44,4,Interphase,521,604,160,140,0
44,5.2,Mitosis,528,240,99,131,0
44,5.1,Mitosis,620,249,96,102,0
44,7.1,Interphase,752,403,102,89,7
44,6,Interphase,780,665,80,112,0
44,7.2,Interphase,790,262,73,67,7
44,8,Interphase,1046,828,86,185,0
44,9,Interphase,1068,374,118,102,0
44,10,Interphase,1116,140,144,140,0
45,1.1,Interphase,140,489,99,105,1
45,1.2,Interphase,217,438,128,118,1
45,2,Interphase,233,80,83,76,0
45,3.1,Interphase,358,707,89,96,3
45,11,Interphase,368,246,102,70,0
45,3.2,Interphase,489,784,182,112,3
45,5.2,Mitosis,528,246,96,118,0
45,4,Interphase,534,604,144,147,0
45,5.1,Mitosis,617,246,96,108,0
45,7.1,Interphase,752,403,102,102,7
45,7.2,Interphase,774,259,89,70,7
45,6,Interphase,790,665,70,112,0
45,9,Interphase,1049,364,131,105,0
45,8,Interphase,1049,806,76,163,0
45,10,Interphase,1116,150,144,131,0
46,1.1,Interphase,144,489,102,105,1
46,1.2,Interphase,214,438,131,118,1
46,2,Interphase,233,80,83,76,0
46,3.1,Interphase,358,707,86,92,3
46,11,Interphase,368,246,102,70,0
46,3.2,Interphase,496,784,176,112,3
46,5.2,Mitosis,528,259,96,105,0
46,4,Interphase,534,604,144,147,0
46,5.1,Mitosis,614,246,105,108,0
46,7.1,Interphase,752,403,102,105,7
46,7.2,Interphase,774,259,89,70,7
46,6,Interphase,790,672,70,105,0
46,9,Interphase,1033,364,137,105,0
46,8,Interphase,1049,806,76,163,0
46,10,Interphase,1120,153,140,128,0
47,1.1,Interphase,160,464,102,156,1
47,2,Interphase,233,80,83,76,0
47,1.2,Interphase,246,409,140,176,1
47,3.1,Interphase,358,707,86,92,3
47,11,Interphase,371,246,108,83,0
47,3.2,Interphase,496,784,176,112,3
47,5.2,Mitosis,531,249,96,115,0
47,4,Interphase,534,604,137,140,0
47,5.1,Mitosis,624,240,105,112,0
47,7.1,Interphase,752,403,102,105,7
47,7.2,Interphase,774,259,89,70,7
47,6,Interphase,790,672,70,105,0
47,9,Interphase,1033,364,137,105,0
47,8,Interphase,1049,806,76,163,0
47,10,Interphase,1120,153,140,128,0
48,1.1,Interphase,163,467,92,153,1
48,2,Interphase,233,80,83,76,0
48,1.2,Interphase,246,422,137,163,1
48,3.1,Interphase,358,707,86,92,3
48,11,Interphase,371,246,108,83,0
48,3.2,Interphase,496,784,176,112,3
48,4,Interphase,528,604,140,147,0
48,5.2,Mitosis,531,243,96,124,0
48,5.1,Mitosis,624,243,105,115,0
48,7.1,Interphase,752,403,102,108,7
48,7.2,Interphase,774,259,89,70,7
48,6,Interphase,790,672,70,105,0
48,9,Interphase,1033,364,137,105,0
48,8,Interphase,1049,806,76,163,0
48,10,Interphase,1120,153,140,128,0
49,1.1,Interphase,160,467,96,160,1
49,2,Interphase,217,67,99,89,0
49,1.2,Interphase,246,425,118,172,1
49,3.1,Interphase,348,700,96,99,3
49,11,Interphase,371,246,118,83,0
49,3.2,Interphase,496,784,176,112,3
49,4,Interphase,528,604,153,147,0
49,5.2,Interphase,531,240,92,137,5
49,5.1,Interphase,624,236,121,121,5
49,7.1,Interphase,752,403,102,112,7
49,7.2,Interphase,774,259,89,70,7
49,6,Interphase,796,668,76,108,0
49,9,Interphase,1033,364,137,105,0
49,8,Interphase,1049,806,76,163,0
49,10,Interphase,1120,153,140,128,0
50,1.1,Interphase,160,467,96,160,1
50,2,Interphase,208,54,108,102,0
50,1.2,Interphase,246,425,118,172,1
50,3.1,Interphase,329,691,115,108,3
50,11,Interphase,371,246,118,83,0
50,3.2,Interphase,496,784,176,112,3
50,4,Interphase,528,614,150,147,0
50,5.2,Interphase,537,224,86,160,5
50,5.1,Interphase,627,230,134,131,5
50,7.1,Interphase,752,403,102,112,7
50,7.2,Interphase,774,259,89,70,7
50,6,Interphase,803,659,83,118,0
50,9,Interphase,1033,364,137,96,0
50,8,Interphase,1049,806,76,163,0
50,10,Interphase,1120,153,134,128,0
51,1.1,Interphase,160,464,96,163,1
51,2,Interphase,204,48,115,108,0
51,1.2,Interphase,246,425,118,172,1
51,3.1,Interphase,320,691,124,108,3
51,11,Interphase,374,246,115,83,0
51,3.2,Interphase,496,784,160,112,3
51,4,Interphase,528,611,160,144,0
51,5.2,Interphase,534,224,89,160,5
51,5.1,Interphase,627,233,134,128,5
51,7.1,Interphase,752,403,102,112,7
51,7.2,Interphase,774,259,89,70,7
51,6,Interphase,816,659,76,121,0
51,9,Interphase,1033,364,137,96,0
51,8,Interphase,1049,806,76,163,0
51,10,Interphase,1120,153,134,128,0
52,1.1,Interphase,160,464,96,163,1
52,2,Interphase,204,48,115,108,0
52,1.2,Interphase,246,425,118,172,1
52,3.1,Interphase,320,691,124,108,3
52,11,Interphase,374,246,115,83,0
52,3.2,Interphase,496,784,156,112,3
52,4,Interphase,528,611,160,144,0
52,5.2,Interphase,534,224,89,160,5
52,5.1,Interphase,627,233,131,128,5
52,7.1,Interphase,752,403,102,112,7
52,7.2,Interphase,774,259,89,70,7
52,6,Interphase,816,659,76,121,0
52,9,Interphase,1033,364,137,96,0
52,8,Interphase,1049,806,76,163,0
52,10,Interphase,1120,153,134,128,0
53,1.1,Interphase,160,464,96,163,1
53,2,Interphase,204,48,115,108,0
53,1.2,Interphase,246,425,118,172,1
53,3.1,Interphase,320,691,124,108,3
53,11,Interphase,374,246,115,83,0
53,3.2,Interphase,496,784,160,112,3
53,4,Interphase,528,611,160,144,0
53,5.2,Interphase,534,224,89,156,5
53,5.1,Interphase,627,233,131,128,5
53,7.1,Interphase,752,403,102,112,7
53,7.2,Interphase,764,259,99,73,7
53,6,Interphase,816,659,76,121,0
53,9,Interphase,1033,364,137,96,0
53,8,Interphase,1049,793,89,176,0
53,10,Interphase,1120,153,134,128,0
54,1.1,Interphase,160,464,92,163,1
54,2,Interphase,204,48,115,108,0
54,1.2,Interphase,246,425,118,172,1
54,3.1,Interphase,320,691,124,108,3
54,11,Interphase,374,249,112,86,0
54,3.2,Interphase,496,784,156,112,3
54,4,Interphase,521,611,166,144,0
54,5.2,Interphase,534,224,89,156,5
54,5.1,Interphase,627,233,128,128,5
54,7.1,Interphase,752,403,102,121,7
54,7.2,Interphase,764,259,96,73,7
54,6,Interphase,812,659,80,128,0
54,9,Interphase,1033,364,137,96,0
54,8,Interphase,1049,793,89,176,0
54,10,Interphase,1120,153,134,128,0
55,1.1,Interphase,160,464,92,163,1
55,2,Interphase,204,48,108,108,0
55,1.2,Interphase,246,425,118,172,1
55,3.1,Interphase,320,691,124,108,3
55,11,Interphase,371,259,112,83,0
55,3.2,Interphase,496,784,163,112,3
55,4,Interphase,521,611,166,144,0
55,5.2,Interphase,534,224,89,156,5
55,5.1,Interphase,627,233,124,128,5
55,7.1,Interphase,745,403,108,121,7
55,7.2,Interphase,761,259,96,73,7
55,6,Interphase,812,652,80,134,0
55,9,Interphase,1027,364,144,96,0
55,8,Interphase,1049,793,89,176,0
55,10,Interphase,1120,153,134,128,0
56,1.1,Interphase,160,464,89,163,1
56,2,Interphase,204,48,99,108,0
56,1.2,Interphase,246,425,118,172,1
56,3.1,Interphase,320,691,124,108,3
56,11,Interphase,361,259,121,83,0
56,3.2,Interphase,496,784,163,112,3
56,4,Interphase,521,611,166,144,0
56,5.2,Interphase,534,224,89,150,5
56,5.1,Interphase,627,233,115,128,5
56,7.1,Interphase,745,403,108,121,7
56,7.2,Interphase,755,259,96,80,7
56,6,Interphase,812,652,80,134,0
56,9,Interphase,1027,364,144,96,0
56,8,Interphase,1049,793,89,176,0
56,10,Interphase,1120,153,134,128,0
57,1.1,Interphase,160,464,89,163,1
57,2,Interphase,204,51,99,105,0
57,1.2,Interphase,246,425,118,172,1
57,3.1,Interphase,320,691,121,108,3
57,11,Interphase,361,259,115,83,0
57,3.2,Interphase,496,784,163,112,3
57,4,Interphase,521,614,166,140,0
57,5.2,Interphase,534,224,86,150,5
57,5.1,Interphase,627,233,112,128,5
57,7.2,Interphase,742,259,108,80,7
57,7.1,Interphase,745,409,108,118,7
57,6,Interphase,812,652,80,134,0
57,9,Interphase,1027,364,144,96,0
57,8,Interphase,1049,793,89,176,0
57,10,Interphase,1120,153,134,128,0
58,1.1,Interphase,160,464,89,163,1
58,2,Interphase,204,48,99,108,0
58,1.2,Interphase,246,425,118,172,1
58,3.1,Interphase,320,691,121,108,3
58,11,Interphase,361,259,115,83,0
58,3.2,Interphase,496,784,163,112,3
58,4,Interphase,521,614,166,140,0
58,5.2,Interphase,534,230,86,144,5
58,5.1,Interphase,627,233,108,128,5
58,7.2,Interphase,742,259,108,80,7
58,7.1,Interphase,745,409,108,118,7
58,6,Interphase,812,636,80,150,0
58,9,Interphase,1027,364,144,96,0
58,8,Interphase,1049,787,92,182,0
58,10,Interphase,1120,153,134,128,0
59,1.1,Interphase,160,464,89,163,1
59,2,Interphase,204,48,99,108,0
59,1.2,Interphase,246,435,118,163,1
59,3.1,Interphase,320,691,121,108,3
59,11,Interphase,361,259,115,83,0
59,3.2,Interphase,496,784,169,112,3
59,4,Interphase,521,624,166,131,0
59,5.2,Interphase,534,227,86,147,5
59,5.1,Interphase,627,233,108,128,5
59,7.2,Interphase,742,259,108,80,7
59,7.1,Interphase,745,409,108,118,7
59,6,Interphase,809,633,83,156,0
59,9,Interphase,1027,364,144,96,0
59,8,Interphase,1049,793,89,176,0
59,10,Interphase,1120,153,134,128,0
60,1.1,Interphase,160,464,89,163,1
60,2,Interphase,204,48,99,108,0
60,1.2,Interphase,246,425,118,172,1
60,3.1,Interphase,320,697,121,121,3
60,11,Interphase,361,259,115,83,0
60,4,Interphase,492,627,192,140,0
60,3.2,Interphase,496,784,185,112,3
60,5.2,Interphase,534,227,86,147,5
60,5.1,Interphase,627,233,108,128,5
60,7.2,Interphase,742,259,108,80,7
60,7.1,Interphase,742,409,112,121,7
60,6,Interphase,812,636,80,150,0
60,9,Interphase,1027,364,144,96,0
60,8,Interphase,1049,793,89,176,0
60,10,Interphase,1120,153,134,137,0
61,1.1,Interphase,160,464,89,163,1
61,2,Interphase,204,48,99,108,0
61,1.2,Interphase,246,425,118,172,1
61,3.1,Interphase,320,697,128,121,3
61,11,Interphase,361,259,115,83,0
61,4,Interphase,486,630,198,128,0
61,3.2,Interphase,489,784,208,112,3
61,5.2,Interphase,534,227,86,147,5
61,5.1,Interphase,627,233,108,128,5
61,7.2,Interphase,742,259,108,80,7
61,7.1,Interphase,742,409,112,121,7
61,6,Interphase,803,630,89,156,0
61,9,Interphase,1027,364,144,96,0
61,8,Interphase,1049,793,89,169,0
61,10,Interphase,1120,153,134,137,0
62,1.1,Interphase,160,464,89,163,1
62,2,Interphase,204,48,99,108,0
62,1.2,Interphase,246,425,108,172,1
62,3.1,Interphase,320,697,128,121,3
62,11,Interphase,361,256,105,86,0
62,4,Interphase,486,630,198,128,0
62,3.2,Interphase,489,784,208,112,3
62,5.2,Interphase,534,227,80,147,5
62,5.1,Interphase,617,233,118,140,5
62,7.1,Interphase,739,409,112,121,7
62,7.2,Interphase,742,259,108,80,7
62,6,Interphase,796,627,96,160,0
62,9,Interphase,1027,368,144,92,0
62,8,Interphase,1052,793,86,169,0
62,10,Interphase,1120,153,134,137,0
63,1.1,Interphase,160,464,89,163,1
63,2,Interphase,204,48,99,108,0
63,1.2,Interphase,246,425,102,176,1
63,3.1,Interphase,320,697,128,121,3
63,11,Interphase,358,252,108,89,0
63,3.2,Interphase,483,784,214,112,3
63,4,Interphase,486,630,198,128,0
63,5.2,Interphase,534,227,80,153,5
63,5.1,Interphase,617,233,118,140,5
63,7.1,Interphase,736,412,108,118,7
63,7.2,Interphase,742,259,108,83,7
63,6,Interphase,793,624,99,163,0
63,9,Interphase,1027,368,144,92,0
63,8,Interphase,1052,790,86,176,0
63,10,Interphase,1120,153,134,137,0
64,1.1,Interphase,160,464,89,163,1
64,2,Interphase,204,48,99,108,0
64,1.2,Interphase,246,428,102,182,1
64,3.1,Interphase,320,697,128,121,3
64,11,Interphase,352,249,115,92,0
64,4,Interphase,480,630,204,128,0
64,3.2,Interphase,480,784,217,112,3
64,5.2,Interphase,534,230,73,153,5
64,5.1,Interphase,617,233,118,140,5
64,7.1,Interphase,736,416,108,115,7
64,7.2,Interphase,742,259,108,83,7
64,6,Interphase,793,624,92,156,0
64,9,Interphase,1027,368,144,92,0
64,8,Interphase,1052,787,92,172,0
64,10,Interphase,1120,153,134,137,0
65,1.1,Interphase,160,464,89,163,1
65,2,Interphase,204,48,99,102,0
65,1.2,Interphase,246,428,102,182,1
65,3.1,Interphase,320,697,128,121,3
65,11,Interphase,352,249,112,92,0
65,4,Interphase,480,636,204,121,0
65,3.2,Interphase,480,784,217,112,3
65,5.2,Interphase,534,230,76,153,5
65,5.1,Interphase,617,236,118,137,5
65,7.1,Interphase,736,422,108,112,7
65,7.2,Interphase,742,259,108,83,7
65,6,Interphase,793,624,92,156,0
65,9,Interphase,1027,368,144,96,0
65,8,Interphase,1052,784,99,176,0
65,10,Interphase,1120,153,137,137,0
66,1.1,Interphase,160,464,89,163,1
66,2,Interphase,204,48,99,102,0
66,1.2,Interphase,246,428,102,182,1
66,3.1,Interphase,320,697,128,121,3
66,11,Interphase,352,249,112,92,0
66,4,Interphase,480,636,198,121,0
66,3.2,Interphase,480,784,217,112,3
66,5.2,Interphase,534,230,76,153,5
66,5.1,Interphase,617,236,118,137,5
66,7.1,Interphase,736,422,108,112,7
66,7.2,Interphase,742,259,108,83,7
66,6,Interphase,787,620,92,156,0
66,9,Interphase,1027,368,144,96,0
66,8,Interphase,1052,784,99,176,0
66,10,Interphase,1120,153,137,137,0
67,1.1,Interphase,160,464,89,163,1
67,2,Interphase,204,48,99,102,0
67,1.2,Interphase,246,428,102,182,1
67,3.1,Interphase,320,697,128,121,3
67,11,Interphase,352,249,112,92,0
67,4,Interphase,470,643,201,115,0
67,3.2,Interphase,480,784,217,112,3
67,5.2,Interphase,534,230,76,153,5
67,5.1,Interphase,617,236,118,137,5
67,7.1,Interphase,736,422,108,112,7
67,7.2,Interphase,742,259,108,83,7
67,6,Interphase,780,617,89,160,0
67,9,Interphase,1027,368,144,96,0
67,8,Interphase,1052,784,99,176,0
67,10,Interphase,1120,153,140,137,0
68,1.1,Interphase,160,464,89,163,1
68,2,Interphase,204,48,105,108,0
68,1.2,Interphase,246,428,102,185,1
68,3.1,Interphase,320,697,121,121,3
68,11,Interphase,352,249,112,92,0
68,4,Interphase,470,643,198,115,0
68,3.2,Interphase,480,784,217,118,3
68,5.2,Interphase,534,230,76,156,5
68,5.1,Interphase,617,236,118,137,5
68,7.1,Interphase,736,422,108,112,7
68,7.2,Interphase,742,259,108,83,7
68,6,Interphase,780,617,89,160,0
68,9,Interphase,1027,368,144,96,0
68,8,Interphase,1052,784,99,176,0
68,10,Interphase,1120,153,140,137,0
69,1.1,Interphase,160,464,89,163,1
69,2,Interphase,204,48,105,108,0
69,1.2,Interphase,246,428,102,185,1
69,3.1,Interphase,320,697,121,121,3
69,11,Interphase,352,249,108,92,0
69,4,Interphase,470,643,198,115,0
69,3.2,Interphase,480,784,217,118,3
69,5.2,Interphase,534,230,76,156,5
69,5.1,Interphase,617,236,118,137,5
69,7.1,Interphase,736,422,108,112,7
69,7.2,Interphase,742,259,108,83,7
69,6,Interphase,774,617,92,160,0
69,9,Interphase,1027,368,144,96,0
69,8,Interphase,1052,784,99,176,0
69,10,Interphase,1120,153,140,137,0
